ProfileName,TransactionDate,TransactionAmount,TransactionNarrative,TransactionDescription,TransactionID,TransactionType,WalletReference
Card Campaign,1/11/2014 22:27,-20000,*MOLEPS ATM25             MOLEPOLOLE    BW,DEDUCT,5.84012E+14,1,P_NzI2ODY2ODlfMTM4MjcwMTU2NS45MzA5
Card Campaign,1/11/2014 22:39,-10000,*MOGODITSHANE2            MOGODITHSANE  BW,DEDUCT,5.84012E+14,1,P_NzI1MjA1NjZfMTM3ODczODI3Mi4wNzY5
Card Campaign,1/11/2014 23:28,-5000,CAPITAL BANK              MOGODITSHANE  BW,DEDUCT,4.64012E+14,1,P_NzI0NjE1NzhfMTM4NzE4ODExOC43NTYy
Card Campaign,1/12/2014 2:18,-10000,PALAPYE BRANCH ATM        PALAPYE       BW,DEDUCT,4.64012E+14,1,P_NzI5OTQ5NDRfMTM4NDE2MjA2Ny45NjUy
Card Campaign,1/12/2014 3:10,-10000,ENGEN MOGODITSHANE AT     BOTSWANA      BW,DEDUCT,3.84012E+14,1,P_NzI4NDA3ODRfMTM4NTk5MDA2NS4xNDQ=
Card Campaign,1/12/2014 3:23,-25000,CAPITAL BANK              MOGODITSHANE  BW,DEDUCT,3.84012E+14,1,P_NzIyNTY4NzNfMTM4NjY3ODk2MC4wNzcx
Card Campaign,1/12/2014 4:43,-15000,*DARY SOUTHRING           GABORONE      BW,DEDUCT,3.84012E+14,1,P_NzIzNDk2ODZfMTM4NTY1OTU3My4yMDQ1
Card Campaign,1/12/2014 4:51,-28000,*MOGODIT ENGEN            GABORONE      BW,DEDUCT,3.04012E+14,1,P_NzQzMjY5OTBfMTM4MDYxMjkwNS40MTM=
Card Campaign,1/12/2014 5:18,-10000,PALAPYE BRANCH 2          PAL           BW,DEDUCT,3.04012E+14,1,P_NzI5OTQ5NDRfMTM4NDE2MjA2Ny45NjUy
Card Campaign,1/12/2014 5:33,-32400,ENGEN TSOLAMOSESI         GABORONE      BW,DEDUCT,3.84012E+14,1,P_NzUyMDI4NjRfMTM4NTM2NjE4OC44Njcy
Card Campaign,1/12/2014 5:34,-10000,ENGEN TSOLAMOSESI         GABORONE      BW,DEDUCT,5.84012E+14,1,P_NzUyMDI4NjRfMTM4NTM2NjE4OC44Njcy
Card Campaign,1/12/2014 6:26,-20000,Molepolole Filli100558    Gaborone      BW,DEDUCT,8.40122E+13,0,P_NzI5OTE3NjZfMTM4MTkzNjk5Mi45NTc2
Card Campaign,1/12/2014 6:31,-15000,*SHAKAWE                  SHAKAWE       BW,DEDUCT,4.64012E+14,1,P_NzUxMTk2ODNfMTM4MjA5MDM2OC40Mzky
Card Campaign,1/12/2014 6:50,-40000,*SESARONA                 LOBATSE       BW,DEDUCT,4.64012E+14,1,P_NzQ0NDQwNDBfMTM4MDgxMjU1NC4wNDY2
Card Campaign,1/12/2014 7:07,-35000,*TONOTA                   FRANCISTOWN   BW,DEDUCT,4.64012E+14,1,P_NzI2NjA4NjZfMTM3ODgwOTc5OC41NjIx
Card Campaign,1/12/2014 7:38,-5000,*SEROWE64                 SEROWE        BW,DEDUCT,5.84012E+14,1,P_NzI5NTA3MzFfMTM4NjMzMjM2Mi42NTI2
Card Campaign,1/12/2014 7:43,-12000,Choppies Store P102220    Lobatse       BW,DEDUCT,8.40123E+13,0,P_NzYzNzM1NDZfMTM3OTMzMDMxOS4xMDgz
Card Campaign,1/12/2014 7:50,-20000,*BDF THEBEPHATSWA         MOLEPOLOLE    BW,DEDUCT,3.04012E+14,1,P_NzUyODU4ODJfMTM4NjMyODY5Ni4wNzky
Card Campaign,1/12/2014 8:13,-50000,*NRTHGT MLL           GABORONE      BW,DEDUCT,5.84012E+14,1,P_NzY1NTAxNDZfMTM4ODM5MjU4My4xMTQ3
Card Campaign,1/12/2014 8:16,-10000,*MAHALAPYE                MAHALAPYE     BW,DEDUCT,3.04012E+14,1,P_NzI5NzYzMjlfMTM3ODMwMDI2Ny40MzUy
Card Campaign,1/12/2014 8:22,-6220,Choppies Superst102631    Lobatse       BW,DEDUCT,2.8435E+14,0,P_NzI5NzYzMjlfMTM3ODMwMDI2Ny40MzUy
Card Campaign,1/12/2014 8:24,-10250,Sunset Butchery 100343    Francistown   BW,DEDUCT,4.0123E+12,0,P_NzI4Njk3MTBfMTM4MTQ5MTEwNy4wNTMy
Card Campaign,1/12/2014 8:25,-5000,616432 WHITE CITY FILLING BOTSWANA      BW,DEDUCT,2.84012E+14,0,P_NzQzMDA2NjlfMTM4OTQzODQ2NS43OTUz
Card Campaign,1/12/2014 8:30,-7795,Choppies Hyper R100256    Lobatse       BW,DEDUCT,2.84012E+14,0,P_NzIzNDk2ODZfMTM4NTY1OTU3My4yMDQ1
Card Campaign,1/12/2014 8:41,-3475,Choppies Superst102145    Lobatse       BW,DEDUCT,4.01231E+12,0,P_NzU3OTY0MzBfMTM4NzIwMzAxOS4zMzYz
Card Campaign,1/12/2014 8:41,-3475,Choppies Superst102145    Lobatse       BW,DEDUCT,4.01231E+12,0,P_NzU3OTY0MzBfMTM4NzIwMzAxOS4zMzYz
Card Campaign,1/12/2014 8:42,-12000,PALMGROOVE ATM            GABORONE      BW,DEDUCT,3.84012E+14,1,P_NzY1NzEzNzVfMTM3ODEyODE0NC43MDcx
Card Campaign,1/12/2014 8:44,-8995,Cash Bazaar Ghan101177    Ghanzi        BW,DEDUCT,1.64012E+14,0,P_NzI3Mjg5NjdfMTM4NjU3MjI4NS44Mzk5
Card Campaign,1/12/2014 8:53,-12000,MAUN BRANCH               MAUN          BW,DEDUCT,4.64012E+14,1,P_Nzc0MTgwMDdfMTM4NTk2ODE4MS44NTY0
Card Campaign,1/12/2014 8:55,-7483,Shoppers Palapye102969    Palapye       BW,DEDUCT,8.40123E+13,0,P_NzUzNDkzNDhfMTM3ODI4NTY1MC41MDQ=
Card Campaign,1/12/2014 9:12,-2105,711255 *OLD TIMES (PTY) L BOTSWANA      BW,DEDUCT,8.40122E+13,0,P_NzIxMjMwMTdfMTM4NjE0NTQ2Ny45NjM3
Card Campaign,1/12/2014 9:14,-36000,Broadhurst Servi102900    Gaborone      BW,DEDUCT,2.84012E+14,0,P_NzI0MDMwMTBfMTM4OTM2NDA1My40MzY1
Card Campaign,1/12/2014 9:16,-8413,Pep Store 8730 M102127    Maun          BW,DEDUCT,1.64012E+14,0,P_Nzc1MDA3MzJfMTM4NjIzOTg2Ny45MzM3
Card Campaign,1/12/2014 9:17,-30000,*TONOTA                   FRANCISTOWN   BW,DEDUCT,4.64012E+14,1,P_NzIyMzY0ODRfMTM4NzM3NjIzMi40MDg=
Card Campaign,1/12/2014 9:18,-20000,*TLOKWENG                 TLOKWENG      BW,DEDUCT,4.64012E+14,1,P_NzI2NTE1NjdfMTM3ODQ3NjU1Ni42MDky
Card Campaign,1/12/2014 9:26,-13351,PEP MAUN 257    102461    GABORONE      BW,DEDUCT,4.01234E+12,0,P_Nzc1NzY5NDZfMTM4NTczNTgxNS44Mjk5
Card Campaign,1/12/2014 9:32,-10000,*PALAPYE CHOPPIES         PALAPYE       BW,DEDUCT,3.84012E+14,1,P_NzY0NDU2MjFfMTM4NzYxNDE4Ni44OTg=
Card Campaign,1/12/2014 9:35,-2000,GABORONE                  KAGISO        BW,DEDUCT,3.84012E+14,1,P_NzQzMjk5NTlfMTM4MDI2ODMyMi43NzU1
Card Campaign,1/12/2014 9:41,-15000,*BROADHURST               GABORONE      BW,DEDUCT,5.84012E+14,1,P_NzIyMzEyOTVfMTM4NzUzMDA0NS4xMzM5
Card Campaign,1/12/2014 9:57,-10000,SHELL FRANCISTOWN         FRA           BW,DEDUCT,4.64012E+14,1,P_NzIzMDg3NzJfMTM4MTA3ODQ5My40ODE3
Card Campaign,1/12/2014 10:06,-15000,*MOGODIT ENGEN            GABORONE      BW,DEDUCT,5.84012E+14,1,P_NzY1NTkxMDBfMTM3NjAzOTYxNC4yNA==
Card Campaign,1/12/2014 14:09,-5395,Choppies Hyper R100256    Lobatse       BW,DEDUCT,1.64012E+14,0,P_Nzc0NzIzNjlfMTM4MzkwMjg0Ny41NTIy
Card Campaign,1/12/2014 10:11,-30000,*PALAPYE CHOPPIES         PALAPYE       BW,DEDUCT,4.64012E+14,1,P_NzQ0MTkyNzFfMTM4NTcyNjkxOS44Mjc2
Card Campaign,1/12/2014 10:13,-15375,ACK Gaberone Rail         BOT           BW,DEDUCT,4.01237E+12,0,P_NzI0NzY4MDZfMTM3NzYxNjA4OC4yNTY4
Card Campaign,1/12/2014 10:15,-16000,Sunset Butchery 100343    Francistown   BW,DEDUCT,4.01237E+12,0,P_NzI4Njk3MTBfMTM4MTQ5MTEwNy4wNTMy
Card Campaign,1/12/2014 10:17,-10000,*MAUN 45                  MAUN          BW,DEDUCT,5.84012E+14,1,P_NzUxMDYxNTNfMTM4MTEzOTM0My4yMjM3
Card Campaign,1/12/2014 10:19,-2000,GABORONE                  KAGISO        BW,DEDUCT,3.04012E+14,1,P_NzUzMjU0OTFfMTM4NzQ1MjQ0MS45MzQz
Card Campaign,1/12/2014 10:20,-40000,*RAMOTSWA                 RAMOTSWA      BW,DEDUCT,3.04012E+14,1,P_NzIxNjQzMTZfMTM4MjQ0MDQ2Mi43NDk3
Card Campaign,1/12/2014 10:21,-20000,Gumare Filling S100875    Gaborone      BW,DEDUCT,8.40124E+13,0,P_NzI0NjQzNjJfMTM4NjY4ODQ4Mi45ODgy
Card Campaign,1/12/2014 10:26,-10000,*TUTUME                   TUTUME        BW,DEDUCT,3.04012E+14,1,P_Nzc0MTA4MTdfMTM4NTk4MzcwMS4xMw==
Card Campaign,1/12/2014 10:26,-30000,MOGODITSHANE              GABARONE      BW,DEDUCT,3.04012E+14,1,P_NzIyMjgxNzZfMTM4NTAyOTI5NC41OTc=
Card Campaign,1/12/2014 10:34,-3920,Choppies Broadhu102250    Lobatse       BW,DEDUCT,4.01238E+12,0,P_NzI3Mjk5NzdfMTM4MzY2NTEwMy41NTQ0
Card Campaign,1/12/2014 10:34,-30000,*MAHALAPYE ENGEN          MAHALAPYE     BW,DEDUCT,3.84012E+14,1,P_NzQzOTMwMzBfMTM4MDg5MzIwMS45MTA0
Card Campaign,1/12/2014 10:38,-238665,Builders World M102412    Maun          BW,DEDUCT,1.64012E+14,0,P_NzIxMjEwMDlfMTM3NjkxMDAwOC4yMDc0
Card Campaign,1/12/2014 10:39,-11490,*Edgars SDTN      ZA,DEDUCT,1.64012E+14,0,P_Nzc0ODIwMzZfMTM4MzMyMDk3Mi4wOTMx
Card Campaign,1/12/2014 10:41,-5999,Pep Store Ramots102386    Ramotswa      BW,DEDUCT,2.84012E+14,0,P_NzQzMzkxNDBfMTM4Mjk0OTc2Mi4yMTE3
Card Campaign,1/12/2014 10:43,-2000,563667 ENGEN TRUCK STOP   BOTSWANA      BW,DEDUCT,2.84012E+14,0,P_NzUzNTQ1NDNfMTM4MzgxNDM1Ni45NDI0
Card Campaign,1/12/2014 10:45,-17000,Indus Valley Pha102538    Gaborone      BW,DEDUCT,4.01239E+12,0,P_NzUzNDA5MjRfMTM4MDg4NDc0OC4yNjA1
Card Campaign,1/12/2014 10:52,-20355,Choppies Molepol102112    Lobatse       BW,DEDUCT,1.64012E+14,0,P_NzI3NTAyNzZfMTM4OTI2NjQzMi4zNjg4
Card Campaign,1/12/2014 10:58,-5000,CHOPPIES GABANE ROAD      BOT           BW,DEDUCT,4.64012E+14,1,P_NzUyNzQwNDlfMTM4MzMxNTMwNC4xMzc1
Card Campaign,1/12/2014 11:09,-10000,CHOPPIES GABANE ROAD      BOT           BW,DEDUCT,3.84012E+14,1,P_Nzc1ODQ2NTRfMTM4NjA1MzMyNS4xNTg0
Card Campaign,1/12/2014 11:09,-8000,*PALAPYE CHOPPIES         PALAPYE       BW,DEDUCT,5.84012E+14,1,P_NzI0OTU0MjVfMTM4NDUyMjU2NS4wODEz
Card Campaign,1/13/2014 11:11,-30000,THAMAGA ATM               BWS           BW,DEDUCT,3.84012E+14,1,P_NzQ0OTE5NjVfMTM4NzU0OTg0My44MzM=
Card Campaign,1/12/2014 14:21,-5466,*RED SQUARE SZ,DEDUCT,8.94859E+15,0,P_NzIxMzExMDZfMTM4NjMyNzk1MS4wNDE2
Card Campaign,1/12/2014 11:15,-10000,KGALE_VIEW                GABORONE      BW,DEDUCT,4.64012E+14,1,P_NzI1Nzg0NzVfMTM4NzM2NzE4OC40NTQ3
Card Campaign,1/12/2014 11:24,-5000,MAUN BRANCH               MAUN BRANCH   BW,DEDUCT,3.84012E+14,1,P_Nzc1MDA3MTFfMTM4MTQ4MjU0MC4zMTc2
Card Campaign,1/12/2014 11:25,-10000,PHAKALANE                 BOTSWANA      BW,DEDUCT,3.04012E+14,1,P_NzYzNzM1NDZfMTM3OTMzMDMxOS4xMDgz
Card Campaign,1/12/2014 11:30,-30000,FRIENDLY GROCER           JOHANNESBURG  BW,DEDUCT,5.84012E+14,1,P_NzY0MTE0ODBfMTM4ODEzNDkyNi44NjAy
Card Campaign,1/12/2014 11:35,-10000,*LOBATSE 8                LOBATSE       BW,DEDUCT,4.64012E+14,1,P_NzI1MTEwNTNfMTM4NzgwMDIyNS40NzM3
Card Campaign,1/12/2014 11:37,-10000,*MOCHUDI30                MOCHUDI       BW,DEDUCT,4.64012E+14,1,P_NzI0MTg4MzBfMTM4Njc3NDI5Ni40MDY1
Card Campaign,1/12/2014 11:45,-5000,*MASUNGA                  MASUNGA       BW,DEDUCT,3.84012E+14,1,P_Nzc0NTQwNzBfMTM4Njc2MzAyMi40MDI4
Card Campaign,1/12/2014 11:45,-31500,347145 J B SPORTS KANYE   BOTSWANA      BW,DEDUCT,8.40123E+13,0,P_NzIxMjk1MzVfMTM4MDcxNDExMy44NjE1
Card Campaign,1/12/2014 11:46,-7000,MAUN                      MAUN          BW,DEDUCT,5.84012E+14,1,P_NzU3NzQ0OTZfMTM4NDI2MjYwNy45NDYy
Card Campaign,1/12/2014 11:49,-2995,Choppies Shakawe102545    Maun          BW,DEDUCT,2.84012E+14,0,P_NzY1NzM5OTZfMTM4NjMxMzU4OC40OTg5
Card Campaign,1/12/2014 11:53,-20000,SEROWE BRANCH 1           GABORONE      BW,DEDUCT,3.04012E+14,1,P_NzYzNjk4NzBfMTM4NzQ1OTA4Ny4wNTQ4
Card Campaign,1/12/2014 11:55,-5000,MOLEPOLOLE BRANCH 2       GABORONE      BW,DEDUCT,3.84012E+14,1,P_NzI4MzEzODhfMTM4NTk3NjgxNS42ODI5
Card Campaign,1/12/2014 11:55,-20000,*MOGODITSHANE2            MOGODITHSANE  BW,DEDUCT,3.04012E+14,1,P_NzUwNDg3ODdfMTM4MjUyMDA3Mi44MjM4
Card Campaign,1/12/2014 11:56,-15000,SENTHAGA G DEALE102613    MAUN          BW,DEDUCT,8.40124E+13,0,P_NzIxMjEwMDlfMTM3NjkxMDAwOC4yMDc0
Card Campaign,1/12/2014 12:00,-16000,Sunset Butchery 100343    Francistown   BW,DEDUCT,4.01243E+12,0,P_NzI4Njk3MTBfMTM4MTQ5MTEwNy4wNTMy
Card Campaign,1/12/2014 12:02,-100000,RIVERWALK MALL            GABORONE      BW,DEDUCT,3.04012E+14,1,P_NzIzMDIyNTVfMTM4MzE0MzAzNC44MzUx
Card Campaign,1/12/2014 12:03,-50000,RIVERWALK MALL            GABORONE      BW,DEDUCT,3.04012E+14,1,P_NzIzMDIyNTVfMTM4MzE0MzAzNC44MzUx
Card Campaign,1/12/2014 12:04,-5000,RILEYS GARAGE ATM         BOTSWANA      BW,DEDUCT,4.64012E+14,1,P_NzI5Mjc0MDhfMTM4Njc2NzE0OC44NjE0
Card Campaign,1/12/2014 12:06,-7440,Choppies Thamaga102339    Lobatse       BW,DEDUCT,2.84012E+14,0,P_NzI2MDk4NTdfMTM4NzYxMjYyOS4wNDEy
Card Campaign,1/12/2014 12:06,-20000,NO MATHATA                GABORONE      BW,DEDUCT,4.64012E+14,1,P_NzI3NjQ1MTdfMTM4OTI1NTcxMy40OTMz
Card Campaign,1/12/2014 12:06,-7000,340579 BOTSHELO SERVICE S BOTSWANA      BW,DEDUCT,2.84012E+14,0,P_NzI5NTc5MzdfMTM3Nzc2MjY2Ny4zODU=
Card Campaign,1/12/2014 12:08,-20000,MAUN BRANCH               MAUN          BW,DEDUCT,3.84012E+14,1,P_NzI2MTEyNDVfMTM4MDM2ODAwNy4xMjM1
Card Campaign,1/12/2014 12:15,-10000,CHOPPIES RAMOTSWA ATM     BW            BW,DEDUCT,4.64012E+14,1,P_NzUwMzU1MTVfMTM4Njc2NjU1OS4yNTYx
Card Campaign,1/12/2014 12:18,-10000,*PHIKWE CHOPPIES          SELIBE PIKWE  BW,DEDUCT,3.84012E+14,1,P_NzQ4Mzg2ODhfMTM4MjYwNTc2Ni41NDEy
Card Campaign,1/12/2014 12:25,-10000,*VILLAGE CHOPPIES         GABORONE      BW,DEDUCT,3.84012E+14,1,P_NzUyMjU1NjhfMTM4MDE5Nzc2MS4yMTMy
Card Campaign,1/12/2014 12:27,-8500,Magos Pub       102862    Jwaneng       BW,DEDUCT,2.84012E+14,0,P_Nzc0OTg4MThfMTM4MTMyODQ1Ni43MTU4
Card Campaign,1/12/2014 12:27,-35000,MAHALAPYE BRANCH          BOTSWANA      BW,DEDUCT,3.84012E+14,1,P_Nzc0MTEwMjVfMTM4NjIzOTUxNi42NDk3
Card Campaign,1/12/2014 12:29,-20000,LETLHAKANE 1              GABORONE      BW,DEDUCT,4.64012E+14,1,P_NzQ0NDA4NzBfMTM4MjUxMzczOC4wMTU0
Card Campaign,1/12/2014 12:31,-50000,FRANCIS TOWN              GABORONE      BW,DEDUCT,4.64012E+14,1,P_NzIyMzE1MDNfMTM4MDg4MTMyMi43ODIx
Card Campaign,1/12/2014 12:35,-100000,MADIRELLO HSE 2           GABORONE      BW,DEDUCT,4.64012E+14,1,P_NzI3MjcxMjlfMTM4MjAxNzMwMS44MDY4
Card Campaign,1/12/2014 12:43,-19885,Pick N Pay Sebel100364    Gaborone      BW,DEDUCT,1.64012E+14,0,P_NzI1MTM2NzZfMTM4NzUyNzExMC4yNDY4
Card Campaign,1/12/2014 12:44,-12815,782504 SUPA SAVE          BOTSWANA      BW,DEDUCT,2.84012E+14,0,P_NzU3MzgwMTZfMTM4NDQzNjE1My45MzI1
Card Campaign,1/12/2014 12:49,-25000,MOLEPOLOLE                GABARONE      BW,DEDUCT,3.84012E+14,1,P_NzIxOTI2MDZfMTM4MTE1MjMxNS4zNTkz
Card Campaign,1/12/2014 12:52,-20000,BUS RANK ATM 1            JOHANNESBURG  BW,DEDUCT,3.84012E+14,1,P_NzI5NTczNDNfMTM4NDE1NDIyMC4zNjE1
Card Campaign,1/12/2014 12:55,-40000,MAUN SHOPRITE             BOT           BW,DEDUCT,4.64012E+14,1,P_NzI3NjYzMzdfMTM3Nzg1Nzg2My45NjA0
Card Campaign,1/12/2014 12:56,-4310,766831 SHOPRITE GABORONE  BOTSWANA      BW,DEDUCT,4.01232E+12,0,P_NzI0MTE0MjJfMTM4ODEzMTA0Mi42MTI3
Card Campaign,1/12/2014 12:56,4310,766831 SHOPRITE GABORONE  BOTSWANA      BW,REVERSAL,4.01232E+12,0,P_NzI0MTE0MjJfMTM4ODEzMTA0Mi42MTI3
Card Campaign,1/12/2014 12:57,-4310,766831 SHOPRITE GABORONE  BOTSWANA      BW,DEDUCT,4.01232E+12,0,P_NzI0MTE0MjJfMTM4ODEzMTA0Mi42MTI3
Card Campaign,1/12/2014 13:00,-10000,ENGEN MOGODITSHANE AT     BOTSWANA      BW,DEDUCT,4.64012E+14,1,P_NzI5NzYxMDJfMTM4NDI0NTcxNS4zMzcz
Card Campaign,1/12/2014 13:09,-43515,805522 SHOPRITE MAUN      BOTSWANA      BW,DEDUCT,2.84012E+14,0,P_Nzc1NzY5NDZfMTM4NTczNTgxNS44Mjk5
Card Campaign,1/12/2014 13:09,-50000,THAMAGA ATM               BWS           BW,DEDUCT,3.04012E+14,1,P_Nzc0NDc0NjRfMTM4MjQzNTM5MC45MTc5
Card Campaign,1/12/2014 13:11,-21180,Pick N Pay S / M100995    Selebi - Phik BW,DEDUCT,4.01248E+12,0,P_NzIzNjc4MjBfMTM4MDcyNTkxNS44OTIx
Card Campaign,1/12/2014 13:12,-4990,196211 NANDOS PHAKALANE   BOTSWANA      BW,DEDUCT,2.84012E+14,0,P_NzI3MzcwMjNfMTM3NjQ2NDc5Ny41NDAy
Card Campaign,1/12/2014 13:16,-50000,001262 PULA SERVICE STATI BOTSWANA      BW,DEDUCT,4.01233E+12,0,P_NzQ0NTU1NTRfMTM4NDg0Njg2My40NDMx
Card Campaign,1/12/2014 13:17,-40000,*TUTUME                   TUTUME        BW,DEDUCT,4.64012E+14,1,P_NzUzMjI3NjlfMTM4Njk0MjQ3NC4xMTYy
Card Campaign,1/12/2014 13:18,-2395,104447 G-WEST CHOPPIES    BOTSWANA      BW,DEDUCT,4.01234E+12,0,P_Nzc0MDEyNTdfMTM4MDcwOTA2Mi4yMDQ3
Card Campaign,1/12/2014 13:23,-6460,341155 CHOPPIES SUPERSTOR BOTSWANA      BW,DEDUCT,4.01234E+12,0,P_NzI2MzE4NDRfMTM4NTcxOTY5NC4zMzE0
Card Campaign,1/12/2014 13:23,-6460,341155 CHOPPIES SUPERSTOR BOTSWANA      BW,DEDUCT,4.01234E+12,0,P_NzI2MzE4NDRfMTM4NTcxOTY5NC4zMzE0
Card Campaign,1/12/2014 13:25,-20000,370592 ENGEN LOBATSE      BOTSWANA      BW,DEDUCT,4.01234E+12,0,P_Nzc1Mjc4NTdfMTM4NDc5MjU5Ni44MDAx
Card Campaign,1/12/2014 13:28,-2000,AIRPORT JXN               GABORONE      BW,DEDUCT,5.84012E+14,1,P_NzQzNjEzMjlfMTM3NzI2NzA1MS4xNTU4
Card Campaign,1/12/2014 13:34,-9000,*MAHALAPYE                MAHALAPYE     BW,DEDUCT,3.04012E+14,1,P_NzIyMDMxNzdfMTM3NzU5NzQ1Ni44NDAz
Card Campaign,1/12/2014 13:36,-1695,104447 G-WEST CHOPPIES    BOTSWANA      BW,DEDUCT,1.64012E+14,0,P_Nzc0MDEyNTdfMTM4MDcwOTA2Mi4yMDQ3
Card Campaign,1/12/2014 13:37,-3400,Sunset Butchery 100343    Francistown   BW,DEDUCT,1.64012E+14,0,P_NzI4Njk3MTBfMTM4MTQ5MTEwNy4wNTMy
Card Campaign,1/12/2014 13:37,-10045,050665 MARANG SUPER SPAR  BOTSWANA      BW,DEDUCT,2.84012E+14,0,P_NzIyMDY1MjZfMTM4MTgyMzI3NC4xMDE0
Card Campaign,1/12/2014 13:39,-10000,PALAPYE BRANCH ATM        PALAPYE       BW,DEDUCT,3.04012E+14,1,P_Nzc1MjI0NTNfMTM4Njg1MDE3Ny4yMDA4
Card Campaign,1/12/2014 13:42,-10000,PALAPYE BRANCH 2          PAL           BW,DEDUCT,5.84012E+14,1,P_Nzc1MjI0NTNfMTM4Njg1MDE3Ny4yMDA4
Card Campaign,1/12/2014 13:48,-130000,KWENA MALL ATM            JOHANNESBURG  BW,DEDUCT,4.64012E+14,1,P_NzI3NjE1MDBfMTM3NjM5Mzc4Mi4yOTM3
Card Campaign,1/12/2014 13:55,-10000,ENGEN MOGODITSHANE AT     BOTSWANA      BW,DEDUCT,3.84012E+14,1,P_NzI4MjQ1NDJfMTM4MDM2NDM2NC4xODU4
Card Campaign,1/12/2014 13:57,-25000,A1 Service Stati101242    Gaborone      BW,DEDUCT,8.40125E+13,0,P_NzUxNTIzMTJfMTM4NjMzNzM0OC44MDM3
Card Campaign,1/12/2014 13:59,-5100,126275 LOBATSE VALUE STOR BOTSWANA      BW,DEDUCT,4.01236E+12,0,P_Nzc1Mjc4NTdfMTM4NDc5MjU5Ni44MDAx
Card Campaign,1/12/2014 13:59,-60000,CHOPPIES MASUNGA MALL     BOTSWANA      BW,DEDUCT,3.84012E+14,1,P_NzI0NDQzNzlfMTM4NjI1MTI5MS4yNzY4
Card Campaign,1/12/2014 14:03,-1895,Shoppers Palapye102969    Palapye       BW,DEDUCT,2.84013E+14,0,P_NzIxNDExMjdfMTM3ODczNzIzOS44OTU=
Card Campaign,1/12/2014 14:14,-200000,FRANCISTOWN INDUSTRIAL    FRANCISTOWN   BW,DEDUCT,5.84012E+14,1,P_NzI3NDM4OTZfMTM3Nzc2MjAxMS44MTEx
Card Campaign,1/12/2014 14:16,-45000,791604 BAKGATLA FILLING S BOTSWANA      BW,DEDUCT,1.64012E+14,0,P_NzIxOTI2MDZfMTM4MTE1MjMxNS4zNTkz
Card Campaign,1/12/2014 14:16,-14722,029735 PEP 8310           BOTSWANA      BW,DEDUCT,4.01237E+12,0,P_NzI0NTc2MjRfMTM4MTQ3ODYxMi4zMDE2
Card Campaign,1/12/2014 14:16,-10000,TRUWORTHS                 BOTSWANA      BW,DEDUCT,4.04954E+15,1,P_NzI3NDUxNDRfMTM4NDM1MDQ5NC4yMTUx
Card Campaign,1/12/2014 14:16,-4000,MAUN BRANCH               MAUN          BW,DEDUCT,3.84012E+14,1,P_NzIyMDM0OTBfMTM4MzY2MDE0MS4yMjc5
Card Campaign,1/12/2014 14:29,-2140,292051 CHOPPIES VALUE STO BOTSWANA      BW,DEDUCT,1.64012E+14,0,P_NzI0NTc2MjRfMTM4MTQ3ODYxMi4zMDE2
Card Campaign,1/12/2014 14:33,-10000,GABORONE INDUSTRIAL       GAB           BW,DEDUCT,3.04012E+14,1,P_NzIzNTI4NDlfMTM4MzgwOTUyMS41ODkx
Card Campaign,1/12/2014 14:34,-10000,BROADHURST INDUSTRIAL     BROADHURST    BW,DEDUCT,5.84012E+14,1,P_NzIxOTIyMjlfMTM3OTY5MDI2Ny41MzI5
Card Campaign,1/12/2014 14:35,-11797,726796 PEP STORES RAIL PA BOTSWANA      BW,DEDUCT,4.01238E+12,0,P_NzI0NzY4MDZfMTM3NzYxNjA4OC4yNTY4
Card Campaign,1/12/2014 14:36,-40000,EASY PLAN RAILWAY         GABORONE      BW,DEDUCT,4.64012E+14,1,P_NzI0ODc5NzhfMTM4NjA1OTI2My45NTIy
Card Campaign,1/12/2014 14:36,-10000,SELEBI PHIKWE 1           GABORONE      BW,DEDUCT,4.64012E+14,1,P_NzIyMDkwNThfMTM4NTQ2MzIyMS45OTgx
Card Campaign,1/12/2014 14:38,-15000,*SHAKAWE                  SHAKAWE       BW,DEDUCT,5.84013E+14,1,P_Nzc1MjIwNDBfMTM4NTE5MTQyNy4yMjE2
Card Campaign,1/12/2014 14:39,-10000,MOLEPOLOLE                GABARONE      BW,DEDUCT,3.04012E+14,1,P_Nzc1Mjk5NjJfMTM4OTM0NjY3Mi40MTg2
Card Campaign,1/12/2014 14:41,-50000,BUS RANK ATM 1            JOHANNESBURG  BW,DEDUCT,3.84012E+14,1,P_NzIxOTIyNDhfMTM4OTM2NTAwMi42MzAz
Card Campaign,1/12/2014 14:43,-50000,*GHANZI                   GHANZI        BW,DEDUCT,5.84013E+14,1,P_NzUwMDkzNThfMTM3ODc5NzQxNy43MjM4
Card Campaign,1/12/2014 14:44,-10000,MARKUS CALTEX FILLING     BW            BW,DEDUCT,5.84012E+14,1,P_NzI1OTk5MDBfMTM4NTczNjUzNi4zNTcz
Card Campaign,1/12/2014 14:44,-30000,*TONOTA                   FRANCISTOWN   BW,DEDUCT,3.84013E+14,1,P_NzQzNDA1NjBfMTM4MjM0MzYwMi40NzM5
Card Campaign,1/12/2014 14:47,-39405,578939 WIMPY PHAKALANE    BOTSWANA      BW,DEDUCT,2.84012E+14,0,P_NzI2NDM5OTlfMTM4MzY1MzIwNS4yMzQ=
Card Campaign,1/12/2014 14:55,-20000,GRAND PALM ATM            BOTSWANA      BW,DEDUCT,5.84012E+14,1,P_NzIxMDg3MDZfMTM4NDYwMTc1NS4yNjIy
Card Campaign,1/12/2014 14:55,-6000,Sunset Butchery 100343    Francistown   BW,DEDUCT,8.40125E+13,0,P_NzI4Njk3MTBfMTM4MTQ5MTEwNy4wNTMy
Card Campaign,1/12/2014 14:57,-10000,PALAPYE BRANCH 2          PAL           BW,DEDUCT,3.04012E+14,1,P_NzI5OTQ5NDRfMTM4NDE2MjA2Ny45NjUy
Card Campaign,1/12/2014 14:57,-10000,AIRPORT JUNCTION BRANCH   GABORONE      BW,DEDUCT,4.64012E+14,1,P_NzY1NDkxNjVfMTM4NzU0Mjg5OC40OTk1
Card Campaign,1/12/2014 14:57,-10000,AIRPORT JUNCTION ATM      GABORONE      BW,DEDUCT,3.84012E+14,1,P_NzQ0MjAwMTZfMTM3OTU5MjE3OS44OTI2
Card Campaign,1/12/2014 14:58,-10000,MAHALAPYE BRANCH          BOTSWANA      BW,DEDUCT,5.84012E+14,1,P_NzUzMDAzODVfMTM4NzI4MTQ5NC4zNzI2
Card Campaign,1/12/2014 15:02,-10000,MOLEPOLOLE BRANCH 2       GABORONE      BW,DEDUCT,3.04012E+14,1,P_NzI2NzA1NjhfMTM4MjQzMzE2OC41Mjk3
Card Campaign,1/12/2014 15:03,-6984,128552 P G TIMBERS MAUN   BOTSWANA      BW,DEDUCT,8.40124E+13,0,
Card Campaign,1/12/2014 15:09,-3880,370592 ENGEN LOBATSE      BOTSWANA      BW,DEDUCT,1.64012E+14,0,P_NzUzNDA5MjRfMTM4MDg4NDc0OC4yNjA1
Card Campaign,1/12/2014 15:09,3880,370592 ENGEN LOBATSE      BOTSWANA      BW,REVERSAL,1.64012E+14,0,P_NzUzNDA5MjRfMTM4MDg4NDc0OC4yNjA1
Card Campaign,1/12/2014 15:10,-3880,370592 ENGEN LOBATSE      BOTSWANA      BW,DEDUCT,1.64012E+14,0,P_NzUzNDA5MjRfMTM4MDg4NDc0OC4yNjA1
Card Campaign,1/12/2014 15:11,-10000,*NYERERE                  GAORONE       BW,DEDUCT,3.04013E+14,1,P_NzIxNTE5NzFfMTM4MDM2NDkwOS43NTM5
Card Campaign,1/12/2014 15:11,-4880,Choppies Store L100380    Lobatse       BW,DEDUCT,4.01255E+12,0,P_NzI3OTA5MzFfMTM4NjU5MTE4MC4yNzgz
Card Campaign,1/12/2014 21:33,-12220,162502 CHOPPIES           BOTSWANA      BW,DEDUCT,1.64012E+14,0,P_Nzc1MDc0MTNfMTM4NTgwOTEwNS4wMjk0
Card Campaign,1/12/2014 15:21,-5000,AIRPORT JUNCTION ATM      GABORONE      BW,DEDUCT,3.84012E+14,1,P_Nzc1MDE4NTVfMTM4OTQ1NDM1Ni42NDE2
Card Campaign,1/12/2014 15:25,-30215,Choppies 2 Franc102992    Lobatse       BW,DEDUCT,8.40126E+13,0,P_NzIxNDg2MDRfMTM4NjY2ODQ5MC44NDUx
Card Campaign,1/12/2014 15:26,-11310,782218 SHOPPERS BROADHURS BOTSWANA      BW,DEDUCT,4.01241E+12,0,P_NzI4MzMxMzFfMTM4MTQwNDM4OC4yMjIz
Card Campaign,1/12/2014 15:26,-30000,EASY PLAN RAILWAY         GABORONE      BW,DEDUCT,5.84012E+14,1,P_NzQzNjAxNTlfMTM4NjIzNjEzMS4wNzQ5
Card Campaign,1/12/2014 15:29,-8290,805522 SHOPRITE MAUN      BOTSWANA      BW,DEDUCT,4.01241E+12,0,P_Nzc1MDA3MTFfMTM4MTQ4MjU0MC4zMTc2
Card Campaign,1/12/2014 15:33,-50000,BROADHURST INDUSTRIAL     BROADHURST    BW,DEDUCT,5.84012E+14,1,P_NzI1MzE3NzdfMTM4MzA1MTM4OS4xNTY=
Card Campaign,1/12/2014 15:34,-17835,292051 CHOPPIES VALUE STO BOTSWANA      BW,DEDUCT,8.40124E+13,0,P_NzI0NTc2MjRfMTM4MTQ3ODYxMi4zMDE2
Card Campaign,1/12/2014 15:35,-30000,TLOKWENG BOARDER GATE     BOTSWANA      BW,DEDUCT,4.64012E+14,1,P_NzI3NjU3NDRfMTM4NTUzNTI5My42Njc2
Card Campaign,1/12/2014 15:46,-3145,486554 PICK N' PAY        BOTSWANA      BW,DEDUCT,4.01242E+12,0,P_NzI0MDU0NzNfMTM4MTIzODY0MC4wNTIz
Card Campaign,1/12/2014 15:48,-10000,THAMAGA ATM               BWS           BW,DEDUCT,5.84012E+14,1,P_NzI0NTg3OTdfMTM4MzEzNTMyNS4wMzk3
Card Campaign,1/12/2014 15:49,-16000,Sunset Butchery 100343    Francistown   BW,DEDUCT,8.40126E+13,0,P_NzI4Njk3MTBfMTM4MTQ5MTEwNy4wNTMy
Card Campaign,1/12/2014 15:53,-5000,*MOGODITSHANE2            MOGODITHSANE  BW,DEDUCT,5.84013E+14,1,P_NzUyNzQwNDlfMTM4MzMxNTMwNC4xMzc1
Card Campaign,1/12/2014 15:54,-6000,*KAGISO ATM13             GABORONE      BW,DEDUCT,5.84013E+14,1,P_NzQ0Nzg2MjNfMTM4NjA2MTA2NC4yNTU=
Card Campaign,1/12/2014 15:55,-50000,MAHALAPYE BRANCH          BOTSWANA      BW,DEDUCT,3.84012E+14,1,P_NzQ0NDExNzFfMTM4NzI3NDgxMC42OTc5
Card Campaign,1/12/2014 15:59,-9550,Magos Pub       102862    Jwaneng       BW,DEDUCT,2.84013E+14,0,P_Nzc0OTg4MThfMTM4MTMyODQ1Ni43MTU4
Card Campaign,1/12/2014 16:02,-1000,Choppies Superst102145    Lobatse       BW,DEDUCT,8.40126E+13,0,P_NzY1NDkwMjNfMTM4NTEyOTU4MC45NDI2
Card Campaign,1/12/2014 16:07,-5000,*RAIL PARK MALL           GABORONE      BW,DEDUCT,3.84013E+14,1,P_NzIxNjIxMTRfMTM4MDk2MTY5Ny4zNTYx
Card Campaign,1/12/2014 16:07,-52790,639993 C N A AIRPORT JUNC BOTSWANA      BW,DEDUCT,1.64012E+14,0,P_NzIxMTI3NjZfMTM3NTcwMDA5MS41MjIx
Card Campaign,1/12/2014 16:09,-20000,*MAUN ENGEN               MAUN          BW,DEDUCT,3.84013E+14,1,P_NzY1MDgxNDdfMTM4NDc3NTIxNi4wNjk1
Card Campaign,1/12/2014 16:09,-15000,791604 BAKGATLA FILLING S BOTSWANA      BW,DEDUCT,8.40124E+13,0,P_NzI5ODY2NDVfMTM4NzI2ODkzMS43MDcz
Card Campaign,1/12/2014 16:10,-6690,Supa Save Mogodi100946    Gaborone      BW,DEDUCT,8.40126E+13,0,P_NzI1MzUzMDFfMTM4ODczMjgyNS44NjM5
Card Campaign,1/12/2014 16:11,-10000,CHOPPIES KANYE            JOHANNESBURG  BW,DEDUCT,3.04012E+14,1,P_NzY1NDY1MzRfMTM4NzI4NjgyNy42NzM1
Card Campaign,1/12/2014 16:11,-9455,Choppies Hyper R100256    Lobatse       BW,DEDUCT,2.84013E+14,0,P_Nzc0MDM2NjVfMTM3OTA2NzA4MC44Nzk5
Card Campaign,1/12/2014 16:12,-14998,582524 JET RAILWAYS ARIL  BOTSWANA      BW,DEDUCT,4.01244E+12,0,P_NzQzNjAxNTlfMTM4NjIzNjEzMS4wNzQ5
Card Campaign,1/12/2014 16:16,-20000,*TLOKWENG                 TLOKWENG      BW,DEDUCT,5.84013E+14,1,P_NzI2NTE1NjdfMTM3ODQ3NjU1Ni42MDky
Card Campaign,1/12/2014 16:16,-50000,BROADHURST INDUSTRIAL     BROADHURST    BW,DEDUCT,3.84012E+14,1,P_NzI0Nzg0MDhfMTM3ODk4NTM3Ny4yMDIz
Card Campaign,1/12/2014 16:16,-10000,PALM GROVE ATM            GABORONE      BW,DEDUCT,3.84012E+14,1,P_NzY5MTUzNDZfMTM4OTM1NTE2Ny4yNzY3
Card Campaign,1/12/2014 16:16,-10000,*TLOKWENG                 TLOKWENG      BW,DEDUCT,3.84013E+14,1,P_NzI2NTE1NjdfMTM3ODQ3NjU1Ni42MDky
Card Campaign,1/12/2014 11:55,-37582,*JDOREY STNGER            GABORE        BW,DEDUCT,4.75846E+14,1,P_NzI5MTc3u89FITTldfi7349yOS4wNjI4
Card Campaign,1/12/2014 16:20,-50000,*TONOTA                   FRANCISTOWN   BW,DEDUCT,5.84013E+14,1,P_NzI4Njk3MTBfMTM4MTQ5MTEwNy4wNTMy
Card Campaign,1/12/2014 16:22,-60000,PHAKALANE PUMA FILLIN     BOTSWANA      BW,DEDUCT,4.64012E+14,1,P_NzI3NzQ3MTNfMTM3NjY1NTQ5OC45MDQ3
Card Campaign,1/12/2014 16:24,-10000,NO MATHATA                GABORONE      BW,DEDUCT,5.84012E+14,1,P_NzIyNzI1OTBfMTM3OTQzMzA4Ny45Mzcz
Card Campaign,1/12/2014 16:25,-9000,*BDF GLEN VALLEY          GABORONE      BW,DEDUCT,3.84013E+14,1,P_NzQ0MzAyOTlfMTM4MTE2MTE3MC4xOTk4
Card Campaign,1/12/2014 16:25,-50000,SEROWE BRANCH             SEROWE        BW,DEDUCT,3.04012E+14,1,P_NzU3NTE5NDdfMTM4MTMyNDUyMi45NTc4
Card Campaign,1/12/2014 16:26,-30000,DINOS SHOPPERS            BOTSWANA      BW,DEDUCT,3.04012E+14,1,P_NzI1MTMxOTJfMTM4NjA2NzkwMi40OTYy
Card Campaign,1/12/2014 16:27,-10000,PALAPYE BRANCH ATM        PALAPYE       BW,DEDUCT,3.04012E+14,1,P_NzQ0MzI0MjVfMTM4NTk5MDgyNC4wMTM5
Card Campaign,1/12/2014 16:27,-20000,CAPITAL BANK              MOGODITSHANE  BW,DEDUCT,3.04013E+14,1,P_Nzc0MDE4MjhfMTM4MTQ4ODcxOS42NjQ0
Card Campaign,1/12/2014 16:28,-5135,Choppies Tlokwen102972    Lobatse       BW,DEDUCT,1.64013E+14,0,P_NzIyNTMyNjNfMTM4MDA5OTI3OS41OTI5
Card Campaign,1/12/2014 16:30,-22998,635736 MR PRICE HOME AIRP BOTSWANA      BW,DEDUCT,4.01245E+12,0,P_NzIxMTI3NjZfMTM3NTcwMDA5MS41MjIx
Card Campaign,1/12/2014 16:31,-15990,639973 EDGARS AIRPORT JUN BOTSWANA      BW,DEDUCT,2.84012E+14,0,P_NzIxMTQzMjJfMTM4MzIzNTc4MC44Mjgx
Card Campaign,1/12/2014 16:33,-5500,Linga Longa     102922    Gaborone      BW,DEDUCT,1.64013E+14,0,P_NzIyODQwNjlfMTM4OTM2MzI4MC4yMTIx
Card Campaign,1/12/2014 16:34,-20000,GAME CITY     _           GABORONE      BW,DEDUCT,4.64012E+14,1,P_NzI1NTMzNzlfMTM4OTI1MTIxMS4wNjYx
Card Campaign,1/12/2014 16:35,-15000,359173 PILANE SERVICE STA BOTSWANA      BW,DEDUCT,1.64012E+14,0,P_NzIzMDIyNTVfMTM4MzE0MzAzNC44MzUx
Card Campaign,1/12/2014 16:42,-7965,783497 MAFENYATLALA SUPER BOTSWANA      BW,DEDUCT,4.01246E+12,0,P_NzIzNDEyNTRfMTM4NzM2OTczMC41OTA3
Card Campaign,1/12/2014 17:00,-5000,*MOLEPOLOLE SPAR          MOLEPOLOLE    BW,DEDUCT,5.84013E+14,1,P_NzI3MzE2NTZfMTM4NTY0ODQxMC45Mjk4
Card Campaign,1/12/2014 17:01,-30000,THE SQUARE ATM            BOT           BW,DEDUCT,5.84012E+14,1,P_NzQ0MDE1OTBfMTM4MTg1MzQ2My4yNTc1
Card Campaign,1/12/2014 17:04,-10000,PALMGROOVE ATM            GABORONE      BW,DEDUCT,4.64013E+14,1,P_NzY1NTkxMDBfMTM3NjAzOTYxNC4yNA==
Card Campaign,1/12/2014 17:11,-2000,SEROWE BRANCH             SEROWE        BW,DEDUCT,4.64012E+14,1,P_NzI0MjczNzhfMTM4NzI4MjY4NC45NTMz
Card Campaign,1/12/2014 17:13,-30000,F'TOWN GAME               FRANCISTOWN   BW,DEDUCT,3.04012E+14,1,P_NzYzMTcyNTJfMTM4NDc3NTQyOS42NjQ0
Card Campaign,1/12/2014 17:21,-4000,*MOGODITSHANE2            MOGODITHSANE  BW,DEDUCT,4.64013E+14,1,P_NzYzNTgxNTdfMTM4NzQ1MTE5OS4yMjc=
Card Campaign,1/12/2014 17:23,-20000,DENMED HOUSE              GABERONE      BW,DEDUCT,3.04012E+14,1,P_NzI1MDQwNDdfMTM3OTQwNTc2NC4xNTc0
Card Campaign,1/12/2014 17:25,-5000,*SHELL SEBELE             GABORONE      BW,DEDUCT,4.64013E+14,1,P_NzI0NTgzMzZfMTM3ODEzNTAzOC4xMjcz
Card Campaign,1/12/2014 17:27,-10000,EASY PLAN RAILWAY         GABORONE      BW,DEDUCT,3.84012E+14,1,P_NzUxMTIyMTlfMTM4NzYyNTM4OS4yNDU4
Card Campaign,1/12/2014 17:31,-12000,670386 ENGEB MMOPANE      BOTSWANA      BW,DEDUCT,2.84012E+14,0,P_NzY5MTUzNDZfMTM4OTM1NTE2Ny4yNzY3
Card Campaign,1/12/2014 17:33,-10000,PALAPYE ENGEN CENTRE      PALAPYE       BW,DEDUCT,4.64012E+14,1,P_NzI1ODY4MzlfMTM4NDUwNjMwNC4wODcy
Card Campaign,1/12/2014 17:35,-1195,316207 CHOPPIES SUPER STO BOTSWANA      BW,DEDUCT,4.01249E+12,0,P_NzY0MDYwNDBfMTM4NzM3MTI4Mi40Nzcx
Card Campaign,1/12/2014 17:40,-5000,*MOGODITSHANE2            MOGODITHSANE  BW,DEDUCT,3.04013E+14,1,P_Nzc1ODU4MjBfMTM4NjI1OTQ2Ni4yMDky
Card Campaign,1/12/2014 17:42,-20000,BOKAMOSO HOSPITAL         JOHANNESBURG  BW,DEDUCT,3.84012E+14,1,P_Nzc1Mjg0NzdfMTM4NjE0NDEzNC44NTM2
Card Campaign,1/12/2014 17:44,-8000,SEROWE BRANCH             SEROWE        BW,DEDUCT,5.84012E+14,1,P_NzI0ODQyNjNfMTM3ODgxMzU5OS45MzU4
Card Campaign,1/12/2014 17:50,-30000,TRUWORTHS                 BOTSWANA      BW,DEDUCT,4.64012E+14,1,P_NzI0NDMyMjNfMTM3NjkyMjQ0NC41NjM4
Card Campaign,1/12/2014 17:53,-2470,Supa Save Mogodi100946    Gaborone      BW,DEDUCT,2.84013E+14,0,P_NzIyNjIwNzBfMTM4NzM3NzczMS42NzEz
Card Campaign,1/12/2014 17:54,-2000,GAME CITY     _           GABORONE      BW,DEDUCT,4.64013E+14,1,P_NzIyMzEyOTVfMTM4NzUzMDA0NS4xMzM5
Card Campaign,1/12/2014 17:55,-15490,782512 SUPA SAVE          BOTSWANA      BW,DEDUCT,8.40125E+13,0,P_NzI0NDI4MzhfMTM4MTE0Nzg4NS41ODM2
Card Campaign,1/12/2014 18:03,-5000,MOLEPOLOLE BRANCH 2       GABORONE      BW,DEDUCT,3.04013E+14,1,P_NzI4MzEzODhfMTM4NTk3NjgxNS42ODI5
Card Campaign,1/12/2014 18:05,-2000,*DARY SOUTHRING           GABORONE      BW,DEDUCT,4.64013E+14,1,P_NzQzMjA1MDVfMTM3Njg5OTgyMC42MTM4
Card Campaign,1/12/2014 18:08,-15000,*PHAKALANE                GABORONE      BW,DEDUCT,3.84013E+14,1,P_NzIxNjIzODdfMTM4Mjk2MDcyMy44MzA4
Card Campaign,1/12/2014 18:11,-8790,Choppies Namantl102433    Gaborone      BW,DEDUCT,2.84013E+14,0,P_NzQ4MjE4ODZfMTM4Njc3MjA3NC40NDMx
Card Campaign,1/12/2014 18:14,-10000,*GHANZI                   GHANZI        BW,DEDUCT,3.84013E+14,1,P_NzI2Mzg4MDBfMTM4MzMwMDY5Ni43NDY2
Card Campaign,1/12/2014 18:15,-1900,Kgalagadi Fillin100749    Hukuntsi      BW,DEDUCT,4.01266E+12,0,P_NzI3NTUyODRfMTM4Mjc3ODIyNC43ODA3
Card Campaign,1/12/2014 18:17,-6400,Linga Longa     102922    Gaborone      BW,DEDUCT,2.84013E+14,0,P_NzIyODQwNjlfMTM4OTM2MzI4MC4yMTIx
Card Campaign,1/12/2014 18:19,-5000,NO MATHATA                GABORONE      BW,DEDUCT,3.04013E+14,1,P_NzUyNDIyNjZfMTM4NzUzODkwMC41Njc4
Card Campaign,1/12/2014 18:20,-10000,THAMAGA ATM               BWS           BW,DEDUCT,3.84013E+14,1,P_NzQ0OTE5NjVfMTM4NzU0OTg0My44MzM=
Card Campaign,1/12/2014 18:34,-11000,Lebitha Holding 101295    Mochudi       BW,DEDUCT,4.01267E+12,0,P_NzI3NzU4OTRfMTM4OTE4ODM1NC4yODcx
Card Campaign,1/12/2014 18:37,-2510,276229 CHOPPIES MOCHUDI   BOTSWANA      BW,DEDUCT,4.01253E+12,0,P_NzI5MzE2NTVfMTM4MDk2NDg4Ny44MzI0
Card Campaign,1/12/2014 18:42,-10000,SELEBI PHIKWE 1           GABORONE      BW,DEDUCT,4.64013E+14,1,P_NzI3NzAyNDhfMTM3OTMyMzgzMi4zOTAy
Card Campaign,1/12/2014 18:48,-4560,462704 BROADHURST SPAR    BOTSWANA      BW,DEDUCT,8.40125E+13,0,P_NzY1Mjk3OTZfMTM4MTQ5NDE5NC45NDE=
Card Campaign,1/12/2014 18:50,-20000,DENMED HOUSE              GABERONE      BW,DEDUCT,3.04013E+14,1,P_NzU3Njg4MjhfMTM4MzEyNjkxNS41OTY5
Card Campaign,1/12/2014 18:57,-10000,GAME CITY                 GABORONE      BW,DEDUCT,3.04013E+14,1,P_NzI4NzUwNTZfMTM3OTkzNDcxOS44Mjkz
Card Campaign,1/12/2014 18:57,-5300,Ok Bar & Bottle 101075    Bobonong      BW,DEDUCT,4.01268E+12,0,P_NzUxMzA0NjBfMTM3OTU3NTcwOC4xNDg4
Card Campaign,1/12/2014 19:10,-30000,F'TOWN GAME               FRANCISTOWN   BW,DEDUCT,3.84013E+14,1,P_NzIxNDg2MDRfMTM4NjY2ODQ5MC44NDUx
Card Campaign,1/12/2014 19:15,-2490,360064 CHICKEN LICKEN PAL BOTSWANA      BW,DEDUCT,1.64013E+14,0,P_NzI5OTQ5NDRfMTM4NDE2MjA2Ny45NjUy
Card Campaign,1/12/2014 19:16,-2200,763694 HIGHWAY RESTAURANT BOTSWANA      BW,DEDUCT,4.01255E+12,0,P_NzYzMzIwNzdfMTM4MzU1NzcwMy42NDk=
Card Campaign,1/12/2014 19:16,-5000,*GHANZI                   GHANZI        BW,DEDUCT,3.04013E+14,1,P_NzI0NDUwNDRfMTM4Njg0MzU5NS4zNTc3
Card Campaign,1/12/2014 19:21,-10000,DINOS SHOPPERS            BOTSWANA      BW,DEDUCT,3.84013E+14,1,P_NzIxNTIzODdfMTM4MzEyNzE3MC4xMzg0
Card Campaign,1/12/2014 19:25,-10000,BROADHURST NO 2           BROADHURST    BW,DEDUCT,3.84013E+14,1,P_NzI3NjQ1MTdfMTM4OTI1NTcxMy40OTMz
Card Campaign,1/12/2014 19:26,-5000,MOLAPO CROSSING ATM       GABORONE      BW,DEDUCT,4.64013E+14,1,P_NzIxNjQ0OThfMTM4MTkzMDk4NS42Mzgz
Card Campaign,1/12/2014 19:30,-6000,118785 ENGEN              BOTSWANA      BW,DEDUCT,8.40126E+13,0,P_NzI5OTQ5NDRfMTM4NDE2MjA2Ny45NjUy
Card Campaign,1/12/2014 19:53,-1590,438746 CHOPPIES STATION   BOTSWANA      BW,DEDUCT,2.84013E+14,0,P_NzY0NTIxNTZfMTM4OTI1NTU3NS4wMDQ=
Card Campaign,1/12/2014 19:58,-7494,736765 ONE FILLING STATIO BOTSWANA      BW,DEDUCT,2.84013E+14,0,P_NzUxOTQxNzZfMTM4MjM0NTM2NS4wODEy
Card Campaign,1/12/2014 20:00,-5000,MAUN BRANCH               MAUN          BW,DEDUCT,3.04013E+14,1,P_Nzc0OTg0MTZfMTM4MTMzMzc0My42MTM0
Card Campaign,1/12/2014 20:05,-10000,EASY PLAN RAILWAY         GABORONE      BW,DEDUCT,3.04013E+14,1,P_Nzc0MDM2NjVfMTM3OTA2NzA4MC44Nzk5
Card Campaign,1/12/2014 20:06,-7940,462423 MOGODITSHANE SPAR  BOTSWANA      BW,DEDUCT,4.01258E+12,0,P_NzUwOTUwMjlfMTM3Nzg1MDY0MC4zODY1
Card Campaign,1/12/2014 20:07,-2385,633122 SHOPPERS MAUN      BOTSWANA      BW,DEDUCT,1.64013E+14,0,P_NzI4MDc2NTdfMTM4MTM5NzY3NC44NjIx
Card Campaign,1/12/2014 20:24,-10000,LETLHAKANE 1              GABORONE      BW,DEDUCT,5.84013E+14,1,P_NzIyODU1MjJfMTM4Mjc5MzEzNS42ODc5
Card Campaign,1/12/2014 20:26,-10000,GOLD VALLEY COMPLEX       BOTSWANA      BW,DEDUCT,4.64013E+14,1,P_NzY5ODczODFfMTM4Nzg5NjEwMi4zNzg2
Card Campaign,1/12/2014 20:27,-20000,MOLEPOLOLE AGENCY         GABORONE      BW,DEDUCT,5.84013E+14,1,P_Nzc1MDU2OTBfMTM4MzgxMjMwMS44MTM5
Card Campaign,1/12/2014 20:37,-10000,RIVER WALK CENTRE         GABORONE      BW,DEDUCT,3.04013E+14,1,P_NzUzNjY5NzdfMTM4NjI1MDM4Ny43MDI5
Card Campaign,1/12/2014 20:39,-3575,687406 CHOPPIES GAME CITY BOTSWANA      BW,DEDUCT,4.0126E+12,0,P_NzI2NDMwNzhfMTM4NzYxMDY3Mi4yMzMz
Card Campaign,1/12/2014 20:46,-10000,RIVERWALK PLAZA           JOHANNESBURG  BW,DEDUCT,3.04013E+14,1,P_NzIxNDIyMzdfMTM4NTAzNzA1Mi40NDg4
Card Campaign,1/12/2014 20:49,-10000,CHOPPIES                  JOHANNESBURG  BW,DEDUCT,5.84013E+14,1,P_NzI5MjQ5MjBfMTM4Njg1ODA1MC45MjUy
Card Campaign,1/12/2014 20:49,-5215,507490 CHOPPIES LETLHAKAN BOTSWANA      BW,DEDUCT,1.64013E+14,0,P_NzQ0NDE1NTlfMTM4Nzg2OTUyOS41MDY3
Card Campaign,1/12/2014 20:50,-5000,JWANENG PICK              JOHANNESBURG  BW,DEDUCT,3.04013E+14,1,P_NzY0Njk1MDFfMTM4MDIwNjg2Ny4yNTQz
Card Campaign,1/12/2014 20:50,-2700,783497 MAFENYATLALA SUPER BOTSWANA      BW,DEDUCT,1.64013E+14,0,P_NzIxNjk1NTJfMTM4MDcwNjU3Mi4zNzAy
Card Campaign,1/12/2014 20:54,-30000,DINOS SHOPPERS            BOTSWANA      BW,DEDUCT,3.04013E+14,1,P_NzI5NjY5NDlfMTM4MTc1MDM1MS4zODg2
Card Campaign,1/12/2014 20:55,-100000,DINOS SHOPPERS            BOTSWANA      BW,DEDUCT,5.84013E+14,1,P_NzI5NjY5NDlfMTM4MTc1MDM1MS4zODg2
Card Campaign,1/12/2014 21:00,-8000,KWENA MALL                GABORONE      BW,DEDUCT,3.04013E+14,1,P_NzUzMjc1MjhfMTM3ODIyMzM2Ni43NzY5
Card Campaign,1/12/2014 21:00,-10000,MAHALAPYE BRANCH          BOTSWANA      BW,DEDUCT,4.64013E+14,1,P_NzIzNzYyMzNfMTM4NTcxMzk5MS40NDI2
Card Campaign,1/12/2014 21:01,-10000,MAHALAPYE BRANCH          BOTSWANA      BW,DEDUCT,3.04013E+14,1,P_NzIzNzYyMzNfMTM4NTcxMzk5MS40NDI2
Card Campaign,1/12/2014 21:06,-5800,783497 MAFENYATLALA SUPER BOTSWANA      BW,DEDUCT,2.84013E+14,0,P_NzI4MDY2MzBfMTM4Mjc3NTgyNC40Mzc1
Card Campaign,1/12/2014 21:10,-15640,383512 CHOPPIES BONNINGTO BOTSWANA      BW,DEDUCT,4.01262E+12,0,P_NzUyMjg5MDFfMTM3ODAxOTIxOC44ODcy
Card Campaign,1/12/2014 21:10,-10000,462506 OK FOODS-LOBATSE   BOTSWANA      BW,DEDUCT,2.84013E+14,0,P_NzY1NTkxMDBfMTM3NjAzOTYxNC4yNA==
Card Campaign,1/12/2014 21:26,-2000,KWENA MALL                GABORONE      BW,DEDUCT,3.84013E+14,1,P_NzUzMjc1MjhfMTM3ODIyMzM2Ni43NzY5
Card Campaign,1/12/2014 21:29,-13490,926617 NANDOS PALAPYE     BOTSWANA      BW,DEDUCT,4.01263E+12,0,P_NzIyMjgxNzZfMTM4NTAyOTI5NC41OTc=
Card Campaign,1/12/2014 21:35,-5630,495290 PAYLESS            BOTSWANA      BW,DEDUCT,2.84013E+14,0,P_NzI3NjA0MDBfMTM4NzM3NDc3Mi44Nzk=
Card Campaign,1/12/2014 21:38,-5000,ATM CENTRE BRANCH ATM     BOTSWANA      BW,DEDUCT,3.04013E+14,1,P_NzI3MzE2MTZfMTM3NjY2MjQxMC4zODgy
Card Campaign,1/12/2014 21:39,-20000,390780 KAYS SERVICE STATI BOTSWANA      BW,DEDUCT,8.40126E+13,0,P_NzIxMTI2NzBfMTM3OTk0MjI5NC41Mjk0
Card Campaign,1/12/2014 21:41,-5000,MAUN BRANCH               MAUN          BW,DEDUCT,3.04013E+14,1,P_NzYzNTg0NjJfMTM3NzI0NjA4My40NDg2
Card Campaign,1/12/2014 21:43,-10000,783497 MAFENYATLALA SUPER BOTSWANA      BW,DEDUCT,1.64013E+14,0,P_NzQzMjA1MTlfMTM4Nzg3Njk5NC41NjQ5
Card Campaign,1/12/2014 21:44,-20000,PALM GROVE ATM            GABORONE      BW,DEDUCT,4.64013E+14,1,P_NzI1MDYwNDhfMTM4NzA5NzE0OC4zODE4
Card Campaign,1/12/2014 21:45,-10000,CHOPPIES GABANE ROAD      BOT           BW,DEDUCT,4.64013E+14,1,P_NzI3OTkzNzNfMTM4MzEzMDc0Ni44NDAx
Card Campaign,1/12/2014 21:46,-10000,MOCHUDI SPAR ATM          MOCHUDI       BW,DEDUCT,3.04013E+14,1,P_NzQ4NzY3NzBfMTM4OTI2MzIxNi45NTk2
Card Campaign,1/12/2014 21:54,-30000,DINOS SHOPPERS            BOTSWANA      BW,DEDUCT,4.64013E+14,1,P_NzI3NTQ5MTdfMTM4NjA3NjAzNi45MTkz
Card Campaign,1/12/2014 21:55,-20000,ENGEN TSOLAMOSESI         GABORONE      BW,DEDUCT,5.84013E+14,1,P_NzUwNDg3ODdfMTM4MjUyMDA3Mi44MjM4
Card Campaign,1/12/2014 21:59,-10000,KFC ATM                   JOHANNESBURG  BW,DEDUCT,5.84013E+14,1,P_NzI3NDUxNDRfMTM4NDM1MDQ5NC4yMTUx
Card Campaign,1/12/2014 21:59,-10000,FRIENDLY GROCER           JOHANNESBURG  BW,DEDUCT,3.84013E+14,1,P_NzI2MzM3OTFfMTM4NjIzODI2My45MjAy
Card Campaign,1/12/2014 22:00,-10000,JWANENG BRANCH            BOTSWANA      BW,DEDUCT,4.64013E+14,1,P_Nzc0OTg4MThfMTM4MTMyODQ1Ni43MTU4
Card Campaign,1/12/2014 22:05,-10000,CHOPPIES GABANE ROAD      BOT           BW,DEDUCT,5.84013E+14,1,P_NzQzNTQzODFfMTM4NzM2Njg5NS4xODAy
Card Campaign,1/12/2014 22:08,-2695,921568 MOCHUDI SPAR       BOTSWANA      BW,DEDUCT,1.64013E+14,0,P_NzQ4NzY3NzBfMTM4OTI2MzIxNi45NTk2
Card Campaign,1/12/2014 22:13,-2585,730842 SPAR GANTSI        BOTSWANA      BW,DEDUCT,4.01266E+12,0,P_NzI5OTU5NDBfMTM4NzA5MDEzMS4zMTM5
Card Campaign,1/12/2014 22:17,-6000,MAUN ATM                  MAUN          BW,DEDUCT,3.04013E+14,1,P_NzUwNDMxMjZfMTM3OTU4NDc0My43MDMx
Card Campaign,1/12/2014 22:31,-17000,ORAPA LETLHAKANE          ORAPA         BW,DEDUCT,4.64013E+14,1,P_NzQ0NDA4NzBfMTM4MjUxMzczOC4wMTU0
Card Campaign,1/12/2014 22:32,-7780,732908 BOITUMELO DIJO (PT BOTSWANA      BW,DEDUCT,8.40127E+13,0,P_NzIxOTIyNDhfMTM4OTM2NTAwMi42MzAz
Card Campaign,1/12/2014 22:37,-9000,563667 ENGEN TRUCK STOP   BOTSWANA      BW,DEDUCT,8.40127E+13,0,P_NzIxMDg3MDZfMTM4NDYwMTc1NS4yNjIy
Card Campaign,1/12/2014 22:45,-10000,HEMAMO                    GABORONE      BW,DEDUCT,5.84013E+14,1,P_NzY1NTAxNDZfMTM4ODM5MjU4My4xMTQ3
Card Campaign,1/12/2014 22:49,-5000,MARKUS CALTEX FILLING     BW            BW,DEDUCT,3.04013E+14,1,P_NzUwMjQxMDVfMTM4NjA2NTk0MC4zNjI1
Card Campaign,1/12/2014 22:54,-10000,SHELL MAHALAPYE           MAHALAPY      BW,DEDUCT,4.64013E+14,1,P_Nzc1NzMxMTdfMTM4NzM2OTE5OS4zNzI5
Card Campaign,1/12/2014 22:55,-20000,SHELL FRANCISTOWN         FRA           BW,DEDUCT,3.04013E+14,1,P_NzI3NDM4OTZfMTM3Nzc2MjAxMS44MTEx
Card Campaign,1/12/2014 23:08,-5007,425180 BP PALM GROVE      BOTSWANA      BW,DEDUCT,4.01269E+12,0,P_NzIzOTcwMDFfMTM4NjU3Mjg0NS4xODky
Card Campaign,1/12/2014 23:25,-24000,746301 UNITED CAFE 3      BOTSWANA      BW,DEDUCT,4.0127E+12,0,P_NzI2NjIyNjZfMTM4NjM0MzY2My4zODk1
Card Campaign,1/12/2014 23:25,24000,746301 UNITED CAFE 3      BOTSWANA      BW,REVERSAL,4.0127E+12,0,P_NzI2NjIyNjZfMTM4NjM0MzY2My4zODk1
Card Campaign,1/12/2014 23:26,-24000,746301 UNITED CAFE 3      BOTSWANA      BW,DEDUCT,2.84013E+14,0,P_NzI2NjIyNjZfMTM4NjM0MzY2My4zODk1
Card Campaign,1/12/2014 23:40,-10000,PALAPYE BRANCH 2          PAL           BW,DEDUCT,3.84013E+14,1,P_NzI5OTQ5NDRfMTM4NDE2MjA2Ny45NjUy
Card Campaign,1/13/2014 0:40,-2000,CHOPPIES GABANE ROAD      BOT           BW,DEDUCT,4.64013E+14,1,P_NzIxMDYyMTJfMTM4MTE0MTQ5MC4zODA2
Card Campaign,1/13/2014 1:14,-10000,ENGEN TSOLAMOSESI         GABORONE      BW,DEDUCT,3.84013E+14,1,P_NzUwNDg3ODdfMTM4MjUyMDA3Mi44MjM4
Card Campaign,1/13/2014 1:15,-20000,SEBELE MALL               BOTSWANA      BW,DEDUCT,4.64013E+14,1,P_NzUwNTIzMzNfMTM4ODQ5MDEzMy4wNjg3
Card Campaign,1/13/2014 1:30,-10000,MAUN BRANCH               MAUN BRANCH   BW,DEDUCT,3.04013E+14,1,P_NzI0NDkyMDRfMTM4NjA1ODUxOC40Nzcz
Card Campaign,1/13/2014 1:31,-10000,MAUN BRANCH               MAUN BRANCH   BW,DEDUCT,3.04013E+14,1,P_NzI0NDkyMDRfMTM4NjA1ODUxOC40Nzcz
Card Campaign,1/13/2014 1:38,-5000,SOUTH RING                JOHANNESBURG  BW,DEDUCT,4.64013E+14,1,P_NzI3NTg0NTdfMTM4NjY2NDExNy4zODAy
